District,Region,Land km2,Mapped cropland km2,"Nitrogen: all land, 0-20 cm (g/kg)","Nitrogen: cropland, 0-20 cm (g/kg)","Nitrogen: cropland, 20-50 cm (g/kg)","Phosphorus: all land, 0-20 cm (ppm)","Phosphorus: cropland, 0-20 cm (ppm)","Phosphorus: cropland, 20-50 cm (ppm)","Potassium: all land, 0-20 cm (ppm)","Potassium: cropland, 0-20 cm (ppm)","Potassium: cropland, 20-50 cm (ppm)","pH: all land, 0-20 cm","pH: cropland, 0-20 cm","pH: cropland, 20-50 cm","Organic matter: all land, 0-20 cm (%)","Organic matter: cropland, 0-20 cm (%)","Organic matter: cropland, 20-50 cm (%)","Clay: all land, 0-20 cm (%)","Clay: cropland, 0-20 cm (%)","Clay: cropland, 20-50 cm (%)","Sand: all land, 0-20 cm (%)","Sand: cropland, 0-20 cm (%)","Sand: cropland, 20-50 cm (%)","Bulk density: all land, 0-20 cm (g/cm³)","Bulk density: cropland, 0-20 cm (g/cm³)","Bulk density: cropland, 20-50 cm (g/cm³)"
Ablekuma Central Municipal,Greater Accra,14,0.0,1.101,,,9.876,,,81.945,,,6.584,,,0.909,,,23.921,,,58.351,,,1.44,,
Ablekuma North Municipal,Greater Accra,30,0.0,1.121,,,10.249,,,90.472,,,6.295,,,0.917,,,22.074,,,60.374,,,1.441,,
Ablekuma West Municipal,Greater Accra,13,0.0,1.073,,,8.866,,,74.583,,,6.557,,,0.926,,,24.773,,,57.733,,,1.429,,
Abuakwa North,Eastern,160,0.0,1.814,,,7.048,,,71.108,,,5.736,,,1.758,,,19.306,,,59.709,,,1.324,,
Abuakwa South,Eastern,348,0.0,2.108,,,7.08,,,74.748,,,5.593,,,1.927,,,20.942,,,56.807,,,1.267,,
Abura-asebu-kwamankese,Central,376,0.0,2.809,,,6.346,,,84.383,,,5.53,,,1.704,,,16.679,,,64.062,,,1.364,,
Accra Metropolis,Greater Accra,6,0.0,1.095,,,9.751,,,82.024,,,6.794,,,0.938,,,24.589,,,52.886,,,1.422,,
Achiase,Eastern,415,0.0,2.234,,,7.421,,,70.265,,,5.354,,,1.747,,,16.208,,,60.99,,,1.371,,
Ada East,Greater Accra,293,42.2,1.168,0.916,0.64,8.947,8.599,5.886,108.853,109.147,83.524,5.819,5.598,5.509,1.089,1.012,0.522,31.401,25.076,28.469,48.547,57.19,53.226,1.416,1.475,1.51
Ada West,Greater Accra,324,127.3,1.101,1.008,0.664,8.029,7.774,5.618,109.88,112.932,87.443,5.93,5.855,5.819,1.063,1.036,0.539,25.779,22.415,26.812,56.508,60.734,56.143,1.448,1.478,1.508
Adaklu,Volta,801,54.0,1.158,1.073,0.623,7.327,7.287,5.266,75.005,80.845,58.287,5.944,5.992,5.855,1.377,1.351,0.649,20.02,19.949,25.258,56.441,59.67,54.85,1.406,1.419,1.464
Adansi Akrofuom,Ashanti,569,0.0,2.374,,,6.285,,,66.441,,,5.122,,,1.903,,,19.432,,,54.89,,,1.337,,
Adansi Asokwa,Ashanti,597,0.0,2.107,,,6.547,,,66.25,,,5.334,,,1.906,,,19.76,,,56.888,,,1.336,,
Adansi North,Ashanti,258,0.0,2.104,,,6.253,,,72.352,,,5.338,,,1.984,,,20.827,,,54.976,,,1.297,,
Adansi South,Ashanti,761,0.1,2.398,,,6.487,,,67.195,,,5.257,,,1.832,,,18.084,,,54.157,,,1.379,,
Adenta Municipal,Greater Accra,79,0.5,1.021,,,8.496,,,80.776,,,6.204,,,1.036,,,19.782,,,62.831,,,1.45,,
Afadzato South,Volta,553,15.3,1.435,1.121,0.682,7.245,7.431,4.988,71.65,70.622,46.618,5.632,5.769,5.56,1.691,1.369,0.664,19.707,18.959,23.684,57.096,58.948,55.995,1.298,1.374,1.411
Afigya Kwabre North,Ashanti,186,0.1,1.778,,,5.897,,,79.802,,,5.619,,,1.844,,,21.825,,,56.057,,,1.387,,
Afigya Kwabre South,Ashanti,222,0.0,1.613,,,6.37,,,86.125,,,5.688,,,1.791,,,19.981,,,58.676,,,1.403,,
Agona East,Central,328,0.1,2.622,,,6.594,,,90.201,,,5.852,,,1.553,,,15.901,,,63.988,,,1.371,,
Agona West Municipal,Central,356,0.0,3.02,,,6.423,,,77.477,,,5.721,,,1.538,,,15.934,,,64.347,,,1.367,,
Agotime Ziope,Volta,316,41.1,1.135,1.113,0.648,7.15,7.223,5.272,78.279,81.92,59.772,5.942,5.964,5.824,1.395,1.391,0.669,19.065,19.624,25.084,57.476,58.522,53.895,1.411,1.416,1.463
Ahafo Ano North,Ashanti,592,0.0,1.957,,,5.66,,,94.019,,,5.819,,,1.918,,,20.819,,,55.773,,,1.387,,
Ahafo Ano South East,Ashanti,685,0.1,1.848,,,5.68,,,89.122,,,5.63,,,1.932,,,22.051,,,52.724,,,1.37,,
Ahafo Ano South West,Ashanti,505,0.0,1.859,,,5.973,,,100.912,,,5.604,,,2.171,,,24.237,,,53.636,,,1.313,,
Ahanta West Municipal,Western,556,1.3,1.857,1.798,0.953,7.575,7.993,5.808,62.449,60.376,35.694,5.294,5.526,5.407,1.894,1.667,0.813,21.506,26.376,30.549,55.344,55.956,53.006,1.314,1.344,1.372
Ajumako-enyan-essiam,Central,521,0.0,3.14,,,6.447,,,85.109,,,5.692,,,1.56,,,16.52,,,63.167,,,1.37,,
Akatsi North,Volta,314,21.9,1.135,1.099,0.64,6.897,7.306,5.059,98.086,93.25,71.649,6.046,6.04,5.965,1.474,1.414,0.677,19.81,20.409,25.337,60.206,60.701,56.612,1.401,1.411,1.454
Akatsi South,Volta,537,65.6,1.205,1.095,0.617,6.928,6.819,4.733,98.837,96.625,72.236,5.945,6.002,5.929,1.504,1.443,0.698,24.499,23.242,27.539,54.863,55.843,52.603,1.424,1.43,1.473
Akwapem North,Eastern,308,0.0,1.879,,,6.651,,,100.918,,,5.746,,,1.828,,,20.393,,,58.884,,,1.286,,
Akwapem South,Eastern,224,0.2,1.866,,,6.561,,,114.698,,,5.791,,,1.803,,,20.457,,,58.296,,,1.299,,
Akyem Mansa,Eastern,612,0.0,2.318,,,6.276,,,67.985,,,5.386,,,1.821,,,17.893,,,55.057,,,1.395,,
Amansie Central,Ashanti,848,0.0,2.876,,,6.143,,,67.042,,,5.337,,,1.866,,,18.79,,,52.281,,,1.373,,
Amansie South,Ashanti,592,0.1,2.959,,,6.235,,,69.975,,,5.41,,,1.906,,,19.662,,,52.541,,,1.368,,
Amansie West,Ashanti,637,0.1,2.307,,,6.076,,,75.073,,,5.487,,,1.978,,,20.576,,,54.511,,,1.35,,
Anloga,Volta,236,2.8,1.614,1.358,0.854,8.822,8.714,5.723,117.075,97.278,75.757,5.603,5.756,5.662,1.23,1.065,0.61,38.043,31.284,33.654,40.558,51.168,49.669,1.366,1.431,1.465
Aowin,Western North,2607,0.2,1.957,,,6.648,,,68.277,,,5.083,,,2.352,,,22.113,,,51.703,,,1.281,,
Asante Akim Central Municipal,Ashanti,301,0.0,1.67,,,6.249,,,74.89,,,5.647,,,1.884,,,18.782,,,57.654,,,1.375,,
Asante Akim North,Ashanti,1126,23.3,1.273,1.089,0.576,6.792,7.208,4.879,75.382,71.429,51.968,5.826,5.957,5.767,1.588,1.297,0.612,16.09,13.222,17.7,58.919,60.468,57.723,1.375,1.432,1.472
Asante Akim South,Ashanti,1154,0.0,1.774,,,6.193,,,73.059,,,5.511,,,1.992,,,20.126,,,55.768,,,1.346,,
Asene Akroso Manso,Eastern,418,0.0,2.236,,,7.041,,,70.628,,,5.525,,,1.699,,,16.451,,,59.629,,,1.371,,
Ashaiman Municipal,Greater Accra,19,0.1,1.045,,,9.289,,,90.572,,,6.28,,,0.926,,,22.293,,,60.752,,,1.457,,
Asikuma-odoben-brakwa,Central,773,0.0,2.485,,,6.865,,,70.048,,,5.564,,,1.55,,,15.684,,,63.83,,,1.368,,
Asokore Mampong Municipal,Ashanti,24,0.0,1.283,,,10.765,,,67.504,,,5.706,,,1.398,,,20.852,,,63.063,,,1.399,,
Asokwa  Municipal,Ashanti,27,0.0,1.186,,,10.076,,,64.161,,,5.527,,,1.363,,,21.142,,,59.925,,,1.4,,
Assin Fosu,Central,278,0.0,2.202,,,7.673,,,68.565,,,5.379,,,1.684,,,15.149,,,61.91,,,1.378,,
Assin North,Central,725,0.1,2.724,,,6.751,,,67.822,,,5.362,,,1.812,,,16.195,,,58.147,,,1.386,,
Assin South,Central,1102,0.0,2.534,,,7.067,,,66.97,,,5.326,,,1.659,,,15.692,,,63.045,,,1.365,,
Asunafo North Municipal,Ahafo,1411,0.1,2.064,,,5.453,,,89.984,,,5.724,,,2.003,,,22.11,,,53.907,,,1.368,,
Asunafo South,Ahafo,924,0.0,2.236,,,5.78,,,82.098,,,5.607,,,1.985,,,21.18,,,54.291,,,1.371,,
Asuogyaman,Eastern,766,5.2,1.466,1.121,0.673,7.491,7.769,5.332,83.498,85.145,57.552,5.832,5.878,5.728,1.782,1.403,0.697,20.33,23.289,27.561,55.778,52.358,48.795,1.314,1.391,1.43
Asutifi North,Ahafo,938,0.0,2.213,,,5.285,,,101.203,,,5.816,,,2.032,,,23.609,,,53.459,,,1.369,,
Asutifi South,Ahafo,599,0.0,2.125,,,5.698,,,90.677,,,5.853,,,1.849,,,20.469,,,54.606,,,1.394,,
Atebubu Amantin,Bono East,2625,970.9,1.682,1.383,0.763,7.307,7.267,4.959,57.27,55.034,40.336,5.98,6.03,5.796,1.137,1.081,0.566,11.059,10.803,14.421,61.241,63.582,59.744,1.406,1.42,1.451
Atiwa East,Eastern,580,0.1,1.734,,,6.87,,,68.136,,,5.533,,,1.991,,,22.365,,,54.235,,,1.309,,
Atiwa West,Eastern,585,0.1,1.853,,,6.997,,,70.559,,,5.4,,,2.209,,,26.472,,,51.73,,,1.233,,
Atwima Kwanwoma,Ashanti,252,0.0,1.862,,,6.147,,,75.762,,,5.64,,,1.738,,,19.41,,,56.743,,,1.403,,
Atwima Mponua,Ashanti,1883,0.2,2.22,,,6.314,,,75.478,,,5.535,,,2.004,,,21.627,,,54.157,,,1.335,,
Atwima Nwabiagya North,Ashanti,213,0.0,1.751,,,5.953,,,88.737,,,5.633,,,1.877,,,19.679,,,53.333,,,1.389,,
Atwima Nwabiagya South,Ashanti,367,0.1,1.933,,,6.427,,,86.94,,,5.673,,,1.793,,,19.378,,,55.681,,,1.411,,
Awutu Senya,Central,245,0.2,2.013,,,7.028,,,91.729,,,6.046,,,1.572,,,17.24,,,63.902,,,1.383,,
Awutu Senya East,Central,107,0.7,1.75,,,8.703,,,73.272,,,5.95,,,1.378,,,22.21,,,60.978,,,1.43,,
Ayawaso Central Municipal,Greater Accra,2,0.0,1.15,,,11.447,,,95.324,,,6.418,,,0.951,,,23.094,,,59.816,,,1.443,,
Ayawaso East Municipal,Greater Accra,6,0.0,1.2,,,10.532,,,87.151,,,6.206,,,0.983,,,21.448,,,60.831,,,1.44,,
Ayawaso North Municipal,Greater Accra,5,0.0,1.193,,,10.769,,,97.645,,,6.305,,,0.946,,,22.993,,,59.631,,,1.454,,
Ayawaso West,Greater Accra,32,0.0,1.229,,,8.977,,,77.569,,,6.1,,,1.039,,,19.776,,,62.741,,,1.45,,
Ayensuano,Eastern,499,0.1,2.394,,,6.975,,,78.546,,,5.704,,,1.711,,,17.665,,,60.737,,,1.33,,
Banda,Bono,2298,26.1,2.542,2.324,1.346,7.853,8.972,7.399,71.881,73.219,57.142,5.979,6.158,6.123,1.303,1.411,0.889,19.408,25.648,28.827,51.635,46.167,44.119,1.329,1.291,1.316
Bawku Municipal,Upper East,247,185.6,0.541,0.516,0.293,7.768,7.816,6.197,55.644,54.605,48.457,6.118,6.083,6.174,0.828,0.805,0.384,10.303,9.646,16.702,74.099,75.475,65.584,1.587,1.593,1.614
Bawku West,Upper East,1072,455.4,0.772,0.644,0.398,7.773,7.697,6.007,63.175,62.321,55.559,6.021,6.035,6.068,0.949,0.883,0.463,13.884,12.349,20.173,63.433,66.522,55.891,1.503,1.541,1.56
Bekwai Municipal,Ashanti,536,0.1,2.107,,,5.983,,,74.3,,,5.511,,,1.892,,,19.63,,,54.665,,,1.366,,
Berekum East Municipal,Bono,462,0.0,2.489,,,6.096,,,112.833,,,6.151,,,1.873,,,21.843,,,54.068,,,1.353,,
Berekum West,Bono,400,0.3,2.158,,,5.598,,,117.153,,,6.127,,,1.967,,,22.914,,,54.198,,,1.359,,
Bia East,Western North,781,0.0,2.065,,,5.246,,,84.546,,,5.777,,,2.012,,,21.462,,,54.149,,,1.378,,
Bia West,Western North,1286,0.1,2.006,,,5.34,,,76.948,,,5.624,,,2.012,,,21.026,,,53.944,,,1.374,,
Biakoye,Oti,1106,23.8,1.61,1.258,0.762,7.334,7.301,4.973,74.54,66.395,47.245,5.761,5.91,5.657,1.878,1.364,0.68,21.449,19.303,22.704,56.806,59.884,56.358,1.258,1.322,1.36
Bibiani-anhwiaso-bekwai Municipal,Western North,833,0.0,2.788,,,6.114,,,72.436,,,5.439,,,1.942,,,20.09,,,54.175,,,1.348,,
Binduri,Upper East,392,256.5,0.64,0.604,0.354,7.738,7.801,6.066,60.901,59.7,53.211,6.088,6.069,6.162,0.893,0.861,0.43,12.554,11.804,18.657,69.052,70.725,60.868,1.557,1.567,1.586
Birim Central Municipal,Eastern,107,0.0,2.036,,,6.883,,,68.054,,,5.411,,,1.774,,,17.565,,,53.831,,,1.402,,
Birim North,Eastern,566,0.0,1.838,,,6.329,,,68.5,,,5.473,,,1.934,,,19.86,,,55.045,,,1.363,,
Birim South,Eastern,312,0.0,2.248,,,7.095,,,66.138,,,5.413,,,1.792,,,17.035,,,57.024,,,1.372,,
Bodi,Western North,662,0.1,2.159,,,5.868,,,74.322,,,5.424,,,2.056,,,19.588,,,55.729,,,1.356,,
Bole,Savannah,6173,98.8,1.376,1.408,0.827,7.602,7.952,6.291,72.56,70.324,54.063,5.98,6.036,5.934,1.116,1.118,0.632,21.096,19.469,24.079,49.259,53.552,49.01,1.346,1.351,1.371
Bolga  East,Upper East,72,53.3,0.564,0.556,0.317,7.124,7.179,6.062,54.98,54.511,48.231,5.858,5.844,5.902,0.769,0.756,0.371,12.537,12.314,19.962,68.175,68.488,59.252,1.541,1.544,1.56
Bolgatanga Municipal,Upper East,325,130.3,0.854,0.635,0.362,7.155,7.218,5.989,59.038,57.011,51.195,5.874,5.856,5.888,0.876,0.788,0.389,14.069,13.083,20.539,63.349,66.195,57.731,1.512,1.536,1.553
Bongo,Upper East,415,270.9,0.605,0.568,0.347,7.041,7.044,6.104,55.772,54.916,50.559,5.949,5.924,6.009,0.807,0.774,0.385,12.499,12.285,19.921,66.806,67.466,58.329,1.566,1.572,1.592
Bosome Freho,Ashanti,569,0.0,1.984,,,6.399,,,70.601,,,5.384,,,2.064,,,21.782,,,55.029,,,1.3,,
Bosomtwe,Ashanti,421,0.0,1.724,,,6.32,,,76.949,,,5.604,,,1.84,,,19.17,,,56.642,,,1.376,,
Builsa North,Upper East,815,221.5,1.001,0.873,0.514,7.217,7.292,5.903,61.418,61.32,56.438,5.955,5.962,5.947,0.908,0.849,0.453,14.374,13.697,20.613,63.851,65.672,58.499,1.499,1.523,1.541
Builsa South,Upper East,1243,210.8,1.146,1.006,0.6,7.231,7.3,5.913,63.196,59.373,56.984,5.912,5.899,5.88,0.933,0.897,0.491,14.765,14.697,20.964,63.949,64.271,56.413,1.47,1.495,1.509
Bunkpurugu Nakpanduri,North East,768,415.1,0.743,0.678,0.444,7.677,7.509,6.098,59.992,57.764,51.092,5.997,6.013,5.947,0.95,0.896,0.49,13.768,13.08,19.359,66.617,67.941,57.412,1.415,1.43,1.446
Cape Coast Metropolitan,Central,122,0.3,2.626,,,7.489,,,72.318,,,5.538,,,1.629,,,21.391,,,61.779,,,1.392,,
Central Gonja,Savannah,7556,1049.4,1.238,1.0,0.618,7.219,6.841,5.61,63.071,58.369,50.339,5.934,5.916,5.816,1.034,1.004,0.561,16.591,15.009,20.53,57.364,59.95,53.063,1.376,1.422,1.437
Central Tongu,Volta,682,160.7,1.159,1.114,0.633,7.246,7.346,5.213,90.883,89.433,67.085,6.014,6.02,5.966,1.374,1.348,0.662,23.658,23.226,28.211,56.259,57.188,52.716,1.415,1.419,1.461
Chereponi,North East,1374,967.2,0.871,0.828,0.574,7.235,7.237,5.896,58.692,58.161,56.1,5.869,5.874,5.836,0.932,0.923,0.523,15.587,15.476,21.361,59.417,59.863,51.596,1.466,1.471,1.487
Daffiama Bussie Issa,Upper West,1455,131.0,1.069,0.939,0.603,6.73,6.724,5.337,76.145,71.204,54.682,5.952,5.975,5.875,1.078,1.019,0.574,13.076,11.048,19.007,67.307,71.116,60.492,1.473,1.478,1.496
Denkyembour,Eastern,436,0.0,1.865,,,6.451,,,66.384,,,5.461,,,1.841,,,19.302,,,52.96,,,1.37,,
Dormaa East,Bono,570,0.0,2.395,,,5.164,,,108.611,,,6.034,,,2.076,,,22.766,,,53.617,,,1.365,,
Dormaa Municipal,Bono,1211,0.3,2.013,,,5.444,,,100.461,,,5.925,,,2.081,,,23.205,,,53.22,,,1.365,,
Dormaa West,Bono,381,0.0,2.231,,,5.121,,,94.778,,,5.917,,,1.991,,,21.079,,,55.631,,,1.391,,
East Gonja Municipal,Savannah,2254,208.4,1.571,1.542,0.861,7.831,7.733,6.019,66.361,66.096,54.868,5.997,6.027,5.895,1.05,1.049,0.573,14.982,14.649,18.924,57.185,57.51,54.1,1.369,1.377,1.402
East Mamprusi,North East,1706,1073.8,0.727,0.658,0.441,7.578,7.304,5.965,58.393,56.436,50.644,5.948,5.958,5.858,0.921,0.874,0.489,11.501,10.687,17.32,70.257,71.746,59.93,1.425,1.445,1.46
Effia Kwesimintsim Municipal,Western,105,0.2,1.994,,,7.138,,,63.759,,,5.442,,,1.63,,,20.193,,,62.303,,,1.395,,
Effutu Municipal,Central,85,1.6,1.48,1.429,0.762,8.651,8.976,6.035,64.399,63.834,40.128,5.802,5.747,5.628,1.485,1.465,0.649,29.843,28.716,33.517,52.683,53.86,50.692,1.405,1.411,1.444
Ejisu Municipal,Ashanti,412,0.3,1.68,,,6.236,,,78.018,,,5.654,,,1.772,,,18.75,,,58.588,,,1.396,,
Ejura-sekyedumase,Ashanti,1341,673.4,1.072,0.962,0.625,6.867,7.03,4.871,57.612,51.795,35.968,6.021,6.053,5.814,1.239,1.1,0.54,12.056,10.743,15.773,65.325,67.543,61.888,1.434,1.457,1.486
Ekumfi,Central,273,0.6,3.112,,,7.629,,,88.62,,,5.888,,,1.617,,,24.526,,,50.844,,,1.364,,
Ellembelle,Western,997,0.1,1.924,,,6.786,,,58.111,,,4.979,,,2.142,,,21.678,,,56.617,,,1.32,,
Fanteakwa North,Eastern,838,14.2,1.449,0.946,0.605,6.901,8.079,5.36,74.205,75.521,60.333,5.644,5.886,5.84,1.88,1.081,0.578,21.357,18.762,22.967,57.623,61.033,58.073,1.264,1.383,1.409
Fanteakwa South,Eastern,261,0.3,1.673,,,6.909,,,74.79,,,5.565,,,1.999,,,21.995,,,56.201,,,1.246,,
Ga Central Municipal,Greater Accra,49,0.0,1.187,,,9.505,,,78.457,,,6.05,,,1.129,,,20.182,,,63.181,,,1.445,,
Ga East,Greater Accra,85,0.1,1.153,,,8.655,,,80.78,,,6.083,,,1.232,,,18.946,,,62.67,,,1.401,,
Ga North Municipal,Greater Accra,126,0.2,1.407,,,7.869,,,90.733,,,6.005,,,1.52,,,19.361,,,61.735,,,1.359,,
Ga South Municipal,Greater Accra,178,1.1,1.636,1.612,0.86,7.269,7.346,4.925,89.075,88.756,62.644,6.053,6.056,5.916,1.497,1.503,0.695,18.546,19.199,25.742,63.769,62.273,57.535,1.413,1.416,1.46
Ga West Municipal,Greater Accra,174,0.9,1.391,,,7.841,,,85.235,,,6.046,,,1.391,,,19.223,,,62.613,,,1.422,,
Garu,Upper East,675,325.8,0.726,0.626,0.38,7.774,7.882,5.949,61.618,60.557,51.482,5.968,5.976,5.958,0.911,0.857,0.433,12.125,10.511,16.764,68.089,71.593,61.305,1.493,1.518,1.534
Gomoa Central,Central,122,2.4,1.619,1.451,0.743,8.009,8.458,5.919,84.78,79.791,48.638,5.95,5.834,5.65,1.587,1.496,0.66,27.08,27.382,33.608,47.885,47.173,42.964,1.377,1.406,1.445
Gomoa East,Central,540,2.4,1.935,1.627,0.831,7.528,8.326,5.498,90.255,73.763,52.115,6.014,5.902,5.808,1.575,1.467,0.676,19.339,24.121,29.925,59.604,55.429,51.528,1.398,1.406,1.441
Gomoa West,Central,338,0.1,2.578,,,6.676,,,94.438,,,5.873,,,1.67,,,18.358,,,58.643,,,1.358,,
Gushegu,Northern,2675,1624.5,0.84,0.791,0.521,6.908,6.902,5.635,60.105,59.742,56.034,5.892,5.899,5.823,0.939,0.929,0.512,14.094,14.072,19.912,59.482,59.567,51.594,1.446,1.454,1.47
Ho Municipal,Volta,571,8.5,1.339,1.063,0.59,7.424,7.777,5.357,68.188,67.857,44.462,5.859,5.93,5.764,1.575,1.335,0.634,17.48,16.583,23.121,59.343,61.893,56.442,1.345,1.397,1.436
Ho West,Volta,1004,5.8,1.348,1.177,0.622,7.328,7.368,5.28,72.209,73.053,50.69,5.809,5.951,5.821,1.639,1.363,0.665,19.435,21.267,26.972,56.727,54.338,50.11,1.332,1.401,1.448
Hohoe Municipal,Volta,683,3.3,1.623,1.197,0.725,7.233,7.525,5.056,70.659,69.186,45.804,5.551,5.654,5.44,1.901,1.385,0.662,21.49,19.251,24.55,56.9,57.582,54.376,1.257,1.384,1.413
Jaman North,Bono,1031,0.3,2.755,,,6.465,,,92.818,,,6.066,,,1.767,,,20.992,,,53.429,,,1.336,,
Jaman South Municipal,Bono,759,0.1,2.668,,,6.081,,,113.512,,,6.138,,,1.978,,,23.96,,,52.947,,,1.333,,
Jasikan,Oti,557,2.9,1.756,1.386,0.784,7.103,6.934,4.534,72.57,65.596,44.386,5.696,5.876,5.59,1.938,1.398,0.657,20.942,17.699,22.121,57.666,58.597,55.75,1.26,1.344,1.379
Jirapa,Upper West,1188,327.5,0.811,0.669,0.444,6.574,6.592,5.554,66.533,61.064,51.506,5.995,6.01,5.926,1.061,1.022,0.597,11.828,10.585,18.121,68.333,69.883,59.05,1.511,1.529,1.549
Jomoro,Western,1494,0.2,1.757,,,7.223,,,53.78,,,4.906,,,2.231,,,22.656,,,58.097,,,1.31,,
Juaben Municipal,Ashanti,172,0.0,1.634,,,5.983,,,82.247,,,5.622,,,1.926,,,21.824,,,56.652,,,1.383,,
Juaboso,Western North,1370,0.1,2.022,,,5.818,,,74.244,,,5.376,,,2.087,,,21.681,,,53.325,,,1.326,,
Kadjebi,Oti,689,0.6,1.809,,,7.37,,,69.473,,,5.726,,,1.976,,,22.71,,,56.761,,,1.242,,
Karaga,Northern,3120,1996.7,0.861,0.814,0.545,6.862,6.87,5.626,60.898,60.397,59.397,5.921,5.936,5.881,0.94,0.932,0.531,12.153,11.979,16.484,64.171,64.426,57.039,1.465,1.474,1.491
Kasena Nankana East,Upper East,765,291.9,0.98,0.815,0.477,7.019,7.01,5.745,63.703,63.951,57.685,5.922,5.93,5.955,0.906,0.842,0.437,14.512,13.62,20.411,61.822,63.9,56.8,1.51,1.536,1.555
Kasena Nankana West,Upper East,877,255.5,1.045,0.89,0.506,7.292,7.338,6.011,70.177,66.689,58.402,5.933,5.923,5.964,0.92,0.827,0.431,12.888,12.275,19.576,66.557,67.055,58.703,1.498,1.536,1.554
Keta Municipal,Volta,516,11.7,1.386,1.113,0.654,7.41,6.992,4.51,117.929,107.492,75.728,5.784,5.789,5.645,1.346,1.405,0.713,37.441,30.008,32.417,42.913,52.469,51.625,1.42,1.451,1.495
Ketu North,Volta,423,66.2,1.108,1.07,0.635,6.646,6.491,4.35,98.915,101.908,70.448,6.009,5.981,5.855,1.45,1.405,0.696,23.104,28.941,31.933,58.98,53.888,52.74,1.428,1.441,1.481
Ketu South,Volta,280,40.2,1.098,1.007,0.623,6.898,6.958,4.635,100.076,98.72,69.768,5.902,5.907,5.76,1.205,1.218,0.617,31.298,27.726,30.755,52.762,57.604,55.845,1.438,1.469,1.5
Kintampo North Municipal,Bono East,4888,357.0,1.768,1.623,0.884,7.542,7.543,5.676,64.561,63.236,52.426,5.967,5.969,5.889,1.074,1.043,0.57,15.731,15.47,19.796,56.548,57.811,53.96,1.363,1.38,1.401
Kintampo South,Bono East,1514,82.3,2.179,2.009,1.099,7.485,7.589,5.2,60.015,57.658,40.619,5.956,5.974,5.756,1.285,1.211,0.615,14.466,13.284,18.098,61.881,64.828,60.327,1.329,1.33,1.348
Komenda-edina-eguafo-abirem Municipal,Central,454,6.3,2.853,2.017,1.088,7.334,9.205,6.008,65.272,58.951,36.476,5.514,5.649,5.524,1.68,1.477,0.702,20.978,29.164,33.148,62.267,57.967,55.388,1.379,1.401,1.438
Korle Klottey Municipal,Greater Accra,10,0.0,1.115,,,9.961,,,74.274,,,6.376,,,0.973,,,22.843,,,54.257,,,1.436,,
Kpandai,Northern,1133,273.0,1.318,1.194,0.706,8.077,8.018,6.003,59.217,57.81,46.651,5.906,5.934,5.822,1.014,0.99,0.544,17.826,17.73,22.244,61.173,62.424,56.751,1.326,1.333,1.35
Kpando Municipal,Volta,314,6.2,1.317,1.195,0.709,7.205,7.649,5.144,70.197,68.45,47.48,5.869,5.879,5.65,1.547,1.354,0.659,18.589,19.778,23.893,58.48,57.97,55.493,1.352,1.373,1.409
Kpone Katamanso,Greater Accra,239,2.9,1.092,1.097,0.695,8.374,8.662,5.977,81.881,77.877,58.925,6.111,6.115,6.09,1.134,1.132,0.624,20.625,21.437,25.803,61.071,60.242,55.809,1.429,1.429,1.457
Krachi East Municipal,Oti,2762,123.7,1.525,1.419,0.809,8.035,8.394,5.855,68.405,65.531,50.326,5.835,5.897,5.728,1.463,1.223,0.655,20.821,20.501,24.509,57.394,58.325,54.785,1.283,1.306,1.328
Krachi Nchumuru,Oti,1195,168.6,1.447,1.355,0.764,7.948,7.86,5.799,60.415,58.587,46.589,5.902,5.902,5.77,1.07,1.052,0.578,17.677,17.763,22.126,60.923,61.428,56.4,1.324,1.334,1.354
Krachi West,Oti,929,63.9,1.598,1.511,0.852,8.193,8.137,5.769,62.869,61.141,48.137,5.88,5.868,5.729,1.147,1.117,0.616,18.237,18.326,22.41,59.646,60.338,55.403,1.318,1.325,1.341
Krowor Municipal,Greater Accra,18,0.0,1.017,,,9.259,,,69.35,,,6.472,,,0.856,,,22.667,,,61.012,,,1.448,,
Kumasi Metropolitan,Ashanti,21,0.0,1.295,,,10.661,,,72.928,,,5.539,,,1.488,,,23.165,,,57.026,,,1.391,,
Kumbungu,Northern,1543,574.3,1.01,0.747,0.492,7.015,6.977,5.848,63.965,62.362,59.406,5.91,5.981,5.965,0.947,0.952,0.547,14.502,12.062,17.475,61.314,65.605,56.497,1.483,1.504,1.52
Kwabre East,Ashanti,123,0.0,1.531,,,7.389,,,75.203,,,5.677,,,1.629,,,20.59,,,62.684,,,1.403,,
Kwadaso Municipal,Ashanti,64,0.0,1.261,,,9.418,,,69.143,,,5.442,,,1.471,,,22.825,,,58.257,,,1.398,,
Kwaebibirem,Eastern,804,0.0,1.899,,,6.34,,,67.564,,,5.464,,,1.907,,,20.445,,,53.051,,,1.365,,
Kwahu Afram Plains North,Eastern,2342,82.5,1.275,1.285,0.752,7.951,8.555,5.795,65.205,67.136,49.879,5.909,5.896,5.773,1.269,1.183,0.633,18.97,21.617,25.46,59.739,57.871,54.345,1.376,1.39,1.418
Kwahu Afram Plains South,Eastern,3095,100.0,1.165,1.04,0.576,7.17,7.335,4.792,62.121,63.788,43.488,5.877,5.853,5.65,1.198,1.113,0.575,13.647,14.527,18.943,61.586,61.039,57.718,1.41,1.42,1.457
Kwahu East,Eastern,622,1.6,1.324,1.067,0.598,6.885,7.342,4.827,74.41,72.563,52.762,5.717,5.894,5.726,1.723,1.224,0.6,17.682,15.238,19.696,59.125,60.687,57.734,1.31,1.392,1.428
Kwahu South,Eastern,796,25.7,1.346,0.923,0.596,7.079,8.03,5.345,73.971,75.072,57.004,5.615,5.742,5.636,1.76,1.066,0.576,19.372,17.07,20.918,60.596,62.792,59.701,1.271,1.357,1.381
Kwahu West,Eastern,402,0.0,1.712,,,6.732,,,73.857,,,5.5,,,1.997,,,20.927,,,55.474,,,1.304,,
La Dade-kotopon,Greater Accra,37,0.1,1.105,,,9.165,,,72.206,,,6.236,,,0.932,,,22.354,,,60.68,,,1.444,,
La-nkwantanang-madina,Greater Accra,70,0.3,1.081,,,8.147,,,73.74,,,6.153,,,1.219,,,17.682,,,62.19,,,1.411,,
Lambussie-karni,Upper West,812,216.4,0.801,0.708,0.463,6.324,6.14,5.083,67.905,64.199,55.65,6.099,6.119,6.076,1.134,1.063,0.639,12.889,11.395,19.255,65.845,68.041,58.489,1.538,1.563,1.586
Lawra,Upper West,526,176.0,0.788,0.733,0.485,6.282,6.291,5.513,61.785,58.713,52.115,6.054,6.078,6.021,1.045,0.998,0.562,13.965,12.901,20.146,62.643,64.585,55.464,1.542,1.562,1.583
Ledzokuku Municipal,Greater Accra,29,0.1,1.037,,,9.192,,,71.608,,,6.394,,,0.853,,,22.831,,,61.573,,,1.451,,
Lower Manya,Eastern,304,6.3,1.499,1.187,0.667,7.272,8.151,5.654,88.304,86.787,58.381,5.866,6.033,6.011,1.751,1.347,0.693,20.683,27.136,32.217,56.502,47.317,44.133,1.323,1.409,1.448
Mampong Municipal,Ashanti,670,80.6,1.239,0.921,0.59,6.517,6.817,4.645,67.338,61.563,42.025,5.816,6.002,5.748,1.526,1.24,0.598,15.596,12.699,18.407,63.377,66.723,61.316,1.381,1.431,1.46
Mamprugu Moagduri,North East,2119,609.8,1.189,1.177,0.704,7.411,7.593,5.843,64.891,62.994,57.129,5.88,5.865,5.856,0.934,0.91,0.509,16.74,17.085,22.381,59.658,59.216,51.003,1.458,1.471,1.487
Mfantseman Municipal,Central,300,0.2,3.148,,,7.105,,,91.22,,,5.715,,,1.673,,,21.615,,,57.355,,,1.372,,
Mion,Northern,2717,952.2,0.959,0.855,0.547,7.001,6.893,5.706,59.049,58.403,51.421,5.883,5.877,5.776,0.934,0.915,0.496,14.818,15.436,22.281,60.475,60.241,50.961,1.384,1.398,1.412
Mpohor,Western,525,0.0,2.391,,,6.535,,,62.149,,,5.114,,,1.874,,,17.978,,,58.203,,,1.347,,
Nabdam,Upper East,245,65.0,0.767,0.597,0.383,7.335,7.063,6.029,59.705,53.797,48.045,6.033,5.994,5.992,0.966,0.879,0.435,13.772,12.192,19.658,63.114,66.754,56.772,1.509,1.535,1.551
Nadowli-kaleo,Upper West,1131,191.8,0.78,0.699,0.459,6.504,6.456,5.276,68.696,64.644,51.32,6.038,6.054,5.953,1.042,1.0,0.58,10.798,9.609,17.458,71.024,73.192,60.449,1.483,1.497,1.518
Nandom,Upper West,405,178.4,0.77,0.708,0.463,6.135,6.053,5.211,63.932,61.477,55.027,6.087,6.108,6.08,1.087,1.042,0.602,14.132,12.87,20.721,61.192,63.649,54.65,1.554,1.573,1.595
Nanton,Northern,478,327.9,0.705,0.684,0.46,6.452,6.45,5.552,58.575,58.564,55.058,5.93,5.941,5.874,0.957,0.96,0.558,11.817,11.673,16.864,64.675,65.26,57.136,1.475,1.481,1.499
Nanumba North,Northern,2261,700.6,1.083,0.91,0.581,7.544,7.422,6.035,58.761,57.949,51.327,5.844,5.839,5.741,0.932,0.907,0.508,15.951,15.68,22.009,60.977,62.699,55.288,1.366,1.379,1.394
Nanumba South,Northern,1791,713.3,1.061,0.927,0.575,7.998,7.938,6.167,57.973,56.936,49.243,5.879,5.894,5.781,0.969,0.938,0.517,17.187,16.904,22.36,61.11,62.859,56.482,1.348,1.359,1.374
New Juaben North Municipal,Eastern,105,0.0,1.944,,,7.13,,,75.102,,,5.766,,,1.71,,,18.018,,,60.975,,,1.347,,
New Juaben South Municipal,Eastern,53,0.0,1.499,,,7.908,,,77.918,,,5.808,,,1.586,,,18.663,,,61.271,,,1.365,,
Ningo/prampram,Greater Accra,623,95.0,1.107,1.003,0.654,7.919,7.598,5.517,102.151,111.138,89.263,6.159,6.078,6.06,1.045,0.978,0.562,24.167,22.588,26.92,58.639,62.24,57.241,1.447,1.466,1.496
Nkoranza North,Bono East,1387,127.2,1.764,1.636,0.902,7.07,7.075,4.983,57.751,53.599,39.89,5.923,5.906,5.675,1.278,1.166,0.598,12.798,11.423,15.507,60.104,60.283,56.047,1.368,1.396,1.427
Nkoranza South,Bono East,922,179.5,1.137,1.104,0.77,6.596,6.726,4.756,64.04,55.819,38.932,6.08,6.063,5.793,1.303,1.173,0.589,13.192,11.894,17.203,62.962,64.898,59.481,1.415,1.438,1.468
Nkwanta North,Oti,1101,359.4,1.154,1.072,0.627,8.285,8.256,6.118,59.411,58.443,47.816,5.895,5.916,5.807,1.017,0.988,0.549,17.724,17.487,22.501,60.953,62.065,56.455,1.311,1.316,1.329
Nkwanta South Municipal,Oti,2731,135.8,1.541,1.289,0.743,8.321,8.832,6.175,67.414,61.189,48.33,5.717,5.872,5.746,1.66,1.083,0.593,22.261,19.394,23.672,55.639,59.582,55.439,1.239,1.294,1.314
North Dayi,Volta,464,2.9,1.495,1.245,0.749,7.702,8.19,5.597,76.308,73.321,51.437,5.844,5.863,5.66,1.803,1.44,0.717,21.095,20.836,24.888,56.361,58.32,55.262,1.285,1.342,1.383
North East Gonja,Savannah,6089,919.5,1.308,1.131,0.701,7.517,7.364,5.997,60.191,58.024,51.055,5.905,5.899,5.816,1.001,0.985,0.546,14.706,14.764,20.255,59.613,60.099,53.578,1.364,1.388,1.403
North Gonja,Savannah,4848,431.9,0.976,0.93,0.559,7.464,6.704,5.433,64.949,61.628,52.973,5.931,5.905,5.826,1.019,0.949,0.516,16.49,14.221,20.259,59.68,63.896,54.712,1.337,1.415,1.427
North Tongu,Volta,1131,132.8,1.179,1.189,0.678,7.707,7.864,5.483,81.595,86.491,64.698,6.011,6.048,6.054,1.345,1.313,0.675,26.897,28.917,33.822,52.065,50.341,46.377,1.408,1.409,1.449
Nsawam Adoagyiri,Eastern,175,0.7,1.561,,,7.009,,,100.668,,,6.087,,,1.602,,,17.537,,,63.003,,,1.373,,
Nzema East,Western,1085,0.8,2.134,,,6.629,,,58.864,,,4.861,,,2.22,,,21.957,,,53.555,,,1.304,,
Obuasi East,Ashanti,75,0.0,1.996,,,6.404,,,68.892,,,5.361,,,1.741,,,18.421,,,55.466,,,1.328,,
Obuasi Municipal,Ashanti,146,0.0,1.999,,,6.862,,,71.665,,,5.34,,,1.867,,,20.551,,,53.32,,,1.316,,
Offinso Municipal,Ashanti,586,0.7,1.708,,,5.763,,,85.078,,,5.671,,,1.897,,,21.91,,,55.507,,,1.372,,
Offinso North,Ashanti,945,14.6,1.55,1.206,0.786,5.815,6.406,4.614,84.795,72.211,46.58,5.968,6.085,5.816,1.785,1.496,0.7,18.331,15.296,21.412,59.346,63.803,58.959,1.373,1.404,1.437
Oforikrom Municipal,Ashanti,46,0.0,1.199,,,9.63,,,59.258,,,5.597,,,1.359,,,18.878,,,65.007,,,1.4,,
Okaikwei North Municipal,Greater Accra,23,0.0,1.337,,,9.488,,,85.551,,,6.13,,,1.138,,,20.864,,,60.946,,,1.449,,
Okere,Eastern,306,0.1,1.659,,,6.774,,,93.243,,,5.807,,,1.762,,,18.596,,,60.25,,,1.327,,
Old Tafo Municipal,Ashanti,29,0.0,1.286,,,11.379,,,75.289,,,5.791,,,1.359,,,21.626,,,60.431,,,1.4,,
Prestea/huni Valley,Western,1812,0.1,2.057,,,6.815,,,65.026,,,5.042,,,2.153,,,20.032,,,56.444,,,1.335,,
Pru East,Bono East,1652,501.6,1.364,1.242,0.739,7.863,7.864,5.745,66.625,66.174,55.296,6.024,6.038,5.948,1.138,1.133,0.622,13.866,13.579,18.147,57.897,58.446,54.484,1.373,1.382,1.404
Pru West,Bono East,1569,170.6,2.089,1.749,0.873,7.536,7.598,5.423,60.85,61.144,48.915,5.934,5.987,5.808,1.148,1.103,0.583,13.153,12.674,16.256,59.269,60.175,56.957,1.36,1.375,1.406
Pusiga,Upper East,255,218.1,0.499,0.496,0.293,7.423,7.467,6.157,53.495,53.342,48.398,6.127,6.117,6.188,0.795,0.792,0.38,9.806,9.668,16.992,74.657,74.985,64.525,1.592,1.594,1.616
Saboba,Northern,1751,1096.2,0.817,0.761,0.503,6.93,6.875,5.821,58.525,58.066,55.681,5.874,5.885,5.823,0.918,0.907,0.512,17.01,16.693,22.621,58.734,60.049,51.64,1.428,1.434,1.451
Sagnerigu,Northern,200,123.8,0.605,0.599,0.428,7.018,7.031,6.082,58.114,57.553,53.051,5.976,5.965,5.906,0.924,0.927,0.525,12.167,12.189,18.118,66.907,66.64,57.394,1.487,1.493,1.511
Savelugu,Northern,1546,886.7,0.843,0.761,0.531,6.824,6.79,5.635,62.537,62.045,60.549,5.936,5.954,5.918,0.962,0.964,0.565,12.124,11.237,15.591,64.468,65.969,58.476,1.473,1.48,1.498
Sawla-tuna-kalba,Savannah,4226,264.6,0.865,0.745,0.493,7.002,6.817,5.324,69.264,66.604,53.753,5.999,6.049,5.916,1.01,0.992,0.548,17.298,14.857,21.274,58.97,64.825,57.031,1.39,1.424,1.442
Sefwi Akontombra,Western North,1119,0.1,2.171,,,6.383,,,73.351,,,5.219,,,2.175,,,21.735,,,53.594,,,1.288,,
Sefwi-wiawso,Western North,1011,0.1,2.409,,,5.955,,,72.832,,,5.437,,,1.978,,,20.399,,,55.253,,,1.355,,
Sekondi Takoradi Metropolis,Western,88,0.2,1.937,,,7.491,,,65.898,,,5.559,,,1.608,,,22.269,,,58.822,,,1.392,,
Sekyere Afram Plains North,Ashanti,3526,116.8,2.275,1.334,0.682,6.837,6.73,4.586,60.69,60.228,41.67,5.923,5.991,5.744,1.262,1.19,0.585,12.412,11.377,16.126,62.018,65.139,60.881,1.405,1.453,1.492
Sekyere Central,Ashanti,1631,183.1,1.651,1.264,0.702,6.634,6.734,4.487,62.477,57.89,39.611,5.88,5.989,5.719,1.341,1.165,0.568,12.521,10.961,15.403,62.777,64.491,60.216,1.405,1.444,1.477
Sekyere East,Ashanti,239,0.1,1.524,,,5.908,,,85.923,,,5.765,,,1.875,,,21.008,,,56.101,,,1.379,,
Sekyere Kumawu,Ashanti,577,1.4,1.433,1.08,0.623,6.477,6.793,4.732,79.898,71.609,49.924,5.728,5.98,5.711,1.876,1.451,0.681,17.653,12.771,17.779,60.732,63.72,60.621,1.317,1.386,1.424
Sekyere South,Ashanti,418,0.1,1.646,,,5.962,,,82.005,,,5.571,,,1.89,,,22.686,,,55.981,,,1.363,,
Sene East,Bono East,4393,122.1,1.721,1.678,0.922,7.566,7.796,5.602,63.681,64.425,50.652,5.936,5.982,5.836,1.239,1.149,0.632,16.467,16.733,20.771,59.595,58.724,54.718,1.333,1.327,1.348
Sene West,Bono East,3263,158.2,2.199,1.857,0.957,7.376,7.254,5.063,63.413,60.581,46.79,5.982,6.081,5.865,1.174,1.049,0.563,13.143,11.698,15.138,59.792,61.097,58.183,1.345,1.38,1.41
Shai Osudoku,Greater Accra,968,100.4,1.881,1.645,0.865,8.041,7.716,5.409,87.357,89.534,64.008,6.1,6.064,6.077,1.307,1.332,0.701,24.978,28.558,33.214,53.189,48.0,45.263,1.403,1.406,1.444
Shama,Western,192,0.1,2.379,,,7.025,,,65.974,,,5.498,,,1.751,,,23.701,,,55.292,,,1.335,,
Sissala East,Upper West,5096,1196.7,1.163,0.977,0.582,6.799,6.711,5.424,74.296,69.451,55.221,5.925,5.926,5.848,0.978,0.916,0.543,12.337,10.73,18.325,69.556,73.06,64.149,1.468,1.499,1.515
Sissala West,Upper West,2051,743.1,0.92,0.764,0.491,6.616,6.684,5.434,69.376,65.065,55.654,5.946,5.961,5.885,1.011,0.939,0.574,12.648,10.699,18.923,69.719,73.861,63.914,1.528,1.555,1.574
South Dayi,Volta,359,3.2,1.513,1.247,0.767,7.366,7.949,5.477,81.922,81.243,58.649,5.841,5.958,5.783,1.797,1.424,0.712,19.41,19.808,23.924,57.514,56.95,53.667,1.303,1.351,1.388
South Tongu,Volta,643,70.7,1.231,1.148,0.666,8.193,8.064,5.29,112.307,103.824,73.748,5.569,5.737,5.665,1.336,1.324,0.679,32.708,29.271,33.223,45.876,50.81,47.873,1.443,1.441,1.483
Suaman,Western North,399,0.0,2.096,,,6.069,,,68.19,,,5.375,,,2.079,,,19.241,,,54.971,,,1.364,,
Suame Municipal,Ashanti,28,0.0,1.299,,,9.549,,,76.754,,,5.636,,,1.46,,,21.498,,,59.16,,,1.403,,
Suhum Municipal,Eastern,359,0.0,2.724,,,6.917,,,75.129,,,5.743,,,1.668,,,16.145,,,62.953,,,1.354,,
Sunyani Municipal,Bono,504,0.1,2.061,,,5.373,,,110.626,,,6.08,,,1.991,,,22.134,,,54.747,,,1.372,,
Sunyani West,Bono,1060,0.1,2.169,,,5.649,,,109.961,,,6.176,,,1.851,,,21.262,,,55.326,,,1.377,,
Tain,Bono,1828,3.2,2.929,2.628,1.373,6.693,7.209,5.123,90.23,71.647,50.297,6.095,6.038,5.824,1.604,1.305,0.649,18.257,15.309,19.083,55.007,56.378,53.027,1.351,1.364,1.394
Talensi,Upper East,840,162.0,0.926,0.739,0.445,7.598,7.523,6.085,61.921,59.448,51.927,5.925,5.939,5.912,0.965,0.882,0.461,14.808,13.622,20.417,62.753,64.875,56.279,1.465,1.503,1.519
Tamale Metropolitan,Northern,648,328.1,0.759,0.681,0.467,6.892,6.94,5.942,56.355,55.529,52.758,5.865,5.851,5.776,0.936,0.921,0.523,13.941,13.885,19.658,60.597,60.76,51.423,1.454,1.463,1.479
Tano North Municipal,Ahafo,838,0.2,1.913,,,5.339,,,108.384,,,5.955,,,2.053,,,22.677,,,54.092,,,1.37,,
Tano South Municipal,Ahafo,490,0.1,1.806,,,5.267,,,89.353,,,5.78,,,1.939,,,21.93,,,56.093,,,1.38,,
Tarkwa Nsuaem,Western,904,0.1,2.184,,,6.714,,,59.772,,,4.863,,,2.136,,,20.904,,,55.564,,,1.326,,
Tatale Sanguli,Northern,1092,344.5,1.003,0.8,0.509,7.975,7.508,5.987,60.375,58.663,51.206,5.85,5.829,5.735,0.999,0.928,0.516,18.125,16.787,22.866,58.776,60.815,52.66,1.307,1.332,1.339
Techiman Municipal,Bono East,650,4.4,1.321,1.07,0.721,6.058,6.177,4.379,86.246,77.417,54.046,6.085,6.119,5.849,1.706,1.426,0.721,18.221,15.985,21.334,60.632,62.744,58.071,1.359,1.375,1.404
Techiman North,Bono East,390,1.0,1.335,1.232,0.812,6.8,6.718,4.658,77.134,72.372,49.896,6.008,5.919,5.658,1.63,1.452,0.731,19.226,17.136,21.986,61.096,65.037,60.256,1.325,1.329,1.355
Tema Metropolitan,Greater Accra,43,0.2,1.039,,,8.868,,,76.823,,,6.411,,,0.969,,,25.699,,,56.067,,,1.423,,
Tema West Municipal,Greater Accra,45,0.6,0.991,,,8.98,,,75.374,,,6.339,,,0.877,,,23.304,,,59.995,,,1.449,,
Tempane,Upper East,386,333.5,0.57,0.565,0.329,7.99,7.999,6.313,57.598,57.407,50.626,5.956,5.95,5.997,0.817,0.811,0.393,8.509,8.26,14.28,75.578,76.037,65.298,1.557,1.559,1.576
Tolon,Northern,1353,829.6,0.788,0.661,0.447,6.68,6.673,5.711,62.019,61.164,57.082,5.948,5.98,5.931,0.968,0.963,0.557,13.483,12.389,18.1,63.912,66.404,56.577,1.476,1.489,1.506
Twifo Atti-morkwa,Central,957,0.0,2.348,,,7.04,,,66.279,,,5.293,,,1.843,,,16.746,,,58.811,,,1.373,,
Twifo Hemang Lower Denkyira,Central,576,0.0,2.5,,,6.467,,,71.437,,,5.344,,,1.789,,,15.175,,,63.53,,,1.351,,
Upper Denkyira East Municipal,Central,501,0.0,2.627,,,6.176,,,66.609,,,5.057,,,1.862,,,17.632,,,57.945,,,1.358,,
Upper Denkyira West,Central,582,0.0,3.916,,,6.067,,,67.51,,,5.312,,,1.86,,,18.557,,,52.39,,,1.38,,
Upper Manya,Eastern,861,8.7,1.317,0.948,0.584,6.643,7.918,5.266,77.871,75.23,55.222,5.808,5.846,5.758,1.686,1.186,0.622,17.956,19.119,23.527,60.898,58.417,55.17,1.334,1.384,1.412
Upper West Akim,Eastern,343,0.2,2.36,,,6.774,,,80.525,,,5.789,,,1.579,,,16.04,,,63.188,,,1.359,,
Wa East,Upper West,4301,367.5,1.062,0.96,0.597,6.934,6.715,5.232,71.701,69.556,54.592,5.941,5.968,5.856,1.033,1.018,0.56,15.018,13.637,21.512,62.868,66.577,56.865,1.424,1.442,1.459
Wa Municipal,Upper West,580,164.0,0.756,0.717,0.488,6.229,6.154,4.84,66.386,63.976,52.098,6.049,6.052,5.93,0.984,0.955,0.564,12.389,11.769,19.929,69.276,70.505,58.923,1.459,1.467,1.486
Wa West,Upper West,1489,210.4,0.823,0.763,0.496,6.593,6.45,5.103,71.289,68.747,53.879,6.091,6.114,6.029,1.068,1.046,0.593,13.855,13.122,20.829,65.796,67.882,57.638,1.463,1.476,1.495
Wassa Amenfi Central,Western,1846,0.0,2.725,,,6.23,,,64.714,,,5.093,,,2.097,,,19.51,,,52.865,,,1.342,,
Wassa Amenfi East,Western,1558,0.1,2.796,,,6.719,,,65.358,,,5.136,,,2.001,,,19.315,,,53.257,,,1.341,,
Wassa Amenfi West,Western,1449,0.1,2.278,,,6.372,,,65.313,,,5.142,,,2.115,,,19.741,,,54.552,,,1.337,,
Wassa East,Western,1651,0.1,2.165,,,6.704,,,65.754,,,5.147,,,1.94,,,17.759,,,58.688,,,1.346,,
Weija Gbawe Municipal,Greater Accra,164,1.1,1.352,1.491,0.857,8.834,8.881,6.043,79.547,79.682,61.584,5.991,5.912,5.864,1.262,1.262,0.629,25.193,26.249,29.703,58.066,57.429,54.137,1.407,1.432,1.465
Wenchi Municipal,Bono,1146,28.8,2.003,2.039,1.147,6.912,7.428,5.274,74.093,65.135,47.134,6.043,6.039,5.808,1.414,1.181,0.614,16.383,14.642,18.514,59.184,59.822,55.536,1.359,1.374,1.404
West Akim,Eastern,476,0.0,2.182,,,7.085,,,75.004,,,5.466,,,1.901,,,19.6,,,57.861,,,1.293,,
West Gonja,Savannah,4716,235.4,1.021,0.966,0.576,7.224,6.915,5.514,66.69,61.117,50.229,5.932,5.941,5.814,1.027,0.997,0.525,18.424,15.773,21.302,55.505,61.518,54.318,1.342,1.389,1.402
West Mamprusi Municipal,North East,2613,1365.3,0.927,0.854,0.577,7.216,7.197,5.786,61.294,59.933,55.787,5.878,5.892,5.839,0.919,0.905,0.507,14.564,14.213,20.328,63.585,64.474,55.281,1.477,1.485,1.5
Yendi Municipal,Northern,1446,724.1,0.868,0.784,0.508,6.938,6.855,5.739,59.634,58.886,53.646,5.843,5.843,5.744,0.927,0.91,0.503,18.364,17.76,24.538,57.229,58.966,49.807,1.394,1.402,1.417
Yilo Krobo,Eastern,485,3.6,1.553,1.348,0.727,6.992,8.321,5.883,84.369,81.006,56.862,5.748,6.102,6.129,1.841,1.311,0.698,20.897,26.658,31.961,57.941,49.619,45.915,1.302,1.395,1.434
Yunyoo-nasuan,North East,489,300.3,0.719,0.686,0.45,6.886,6.874,5.607,57.562,56.744,50.538,5.983,6.001,5.961,0.908,0.891,0.492,10.73,10.401,16.747,70.218,70.814,60.228,1.428,1.436,1.451
Zabzugu,Northern,1099,344.9,1.0,0.851,0.54,7.712,7.489,6.038,58.47,57.332,50.536,5.827,5.813,5.709,0.95,0.919,0.517,17.517,16.974,23.11,59.904,61.531,53.83,1.331,1.343,1.353

"Source: iSDAsoil Africa v1 (Hengl and others, 2021, CC BY 4.0), averaged by district by Tinga Lens (tingalens.org). Model predictions, not soil tests. Cropland: ESA WorldCover 2021."
